{
  "Top": "fpga417_fir",
  "RtlTop": "fpga417_fir",
  "RtlPrefix": "",
  "RtlSubPrefix": "fpga417_fir_",
  "SourceLanguage": "cpp",
  "HostMachineBits": "64",
  "FunctionProtocol": "ap_ctrl_hs",
  "ResetStyle": "control",
  "Target": {
    "Family": "zynq",
    "Device": "xc7z020",
    "Package": "-clg484",
    "Speed": "-1",
    "Triple": "fpga64-xilinx-none"
  },
  "Args": {
    "input_real": {
      "index": "0",
      "direction": "inout",
      "srcType": "int*",
      "srcSize": "32",
      "hwRefs": [
        {
          "type": "interface",
          "interface": "m_axi_BUS_A",
          "name": "",
          "usage": "data",
          "direction": "inout"
        },
        {
          "type": "register",
          "interface": "s_axi_control",
          "name": "input_real_1",
          "usage": "address",
          "direction": "in"
        },
        {
          "type": "register",
          "interface": "s_axi_control",
          "name": "input_real_2",
          "usage": "address",
          "direction": "in"
        }
      ]
    },
    "input_img": {
      "index": "1",
      "direction": "inout",
      "srcType": "int*",
      "srcSize": "32",
      "hwRefs": [
        {
          "type": "interface",
          "interface": "m_axi_BUS_B",
          "name": "",
          "usage": "data",
          "direction": "inout"
        },
        {
          "type": "register",
          "interface": "s_axi_control",
          "name": "input_img_1",
          "usage": "address",
          "direction": "in"
        },
        {
          "type": "register",
          "interface": "s_axi_control",
          "name": "input_img_2",
          "usage": "address",
          "direction": "in"
        }
      ]
    },
    "kernel_real": {
      "index": "2",
      "direction": "in",
      "srcType": "int*",
      "srcSize": "32",
      "hwRefs": [
        {
          "type": "interface",
          "interface": "m_axi_BUS_C",
          "name": "",
          "usage": "data",
          "direction": "in"
        },
        {
          "type": "register",
          "interface": "s_axi_control",
          "name": "kernel_real_1",
          "usage": "address",
          "direction": "in"
        },
        {
          "type": "register",
          "interface": "s_axi_control",
          "name": "kernel_real_2",
          "usage": "address",
          "direction": "in"
        }
      ]
    },
    "kernel_img": {
      "index": "3",
      "direction": "in",
      "srcType": "int*",
      "srcSize": "32",
      "hwRefs": [
        {
          "type": "interface",
          "interface": "m_axi_BUS_D",
          "name": "",
          "usage": "data",
          "direction": "in"
        },
        {
          "type": "register",
          "interface": "s_axi_control",
          "name": "kernel_img_1",
          "usage": "address",
          "direction": "in"
        },
        {
          "type": "register",
          "interface": "s_axi_control",
          "name": "kernel_img_2",
          "usage": "address",
          "direction": "in"
        }
      ]
    },
    "output_mag": {
      "index": "4",
      "direction": "inout",
      "srcType": "float*",
      "srcSize": "32",
      "hwRefs": [
        {
          "type": "interface",
          "interface": "m_axi_BUS_A",
          "name": "",
          "usage": "data",
          "direction": "inout"
        },
        {
          "type": "register",
          "interface": "s_axi_control",
          "name": "output_mag_1",
          "usage": "address",
          "direction": "in"
        },
        {
          "type": "register",
          "interface": "s_axi_control",
          "name": "output_mag_2",
          "usage": "address",
          "direction": "in"
        }
      ]
    },
    "output_angle": {
      "index": "5",
      "direction": "inout",
      "srcType": "float*",
      "srcSize": "32",
      "hwRefs": [
        {
          "type": "interface",
          "interface": "m_axi_BUS_B",
          "name": "",
          "usage": "data",
          "direction": "inout"
        },
        {
          "type": "register",
          "interface": "s_axi_control",
          "name": "output_angle_1",
          "usage": "address",
          "direction": "in"
        },
        {
          "type": "register",
          "interface": "s_axi_control",
          "name": "output_angle_2",
          "usage": "address",
          "direction": "in"
        }
      ]
    },
    "input_length": {
      "index": "6",
      "direction": "in",
      "srcType": "int",
      "srcSize": "32",
      "hwRefs": [{
          "type": "register",
          "interface": "s_axi_BUS_E",
          "name": "input_length",
          "usage": "data",
          "direction": "in"
        }]
    }
  },
  "HlsSolution": {
    "FlowTarget": "vivado",
    "ConfigTcl": [
      "config_export -display_name=fpga417_fir",
      "config_export -format=ip_catalog",
      "config_export -rtl=verilog"
    ],
    "ProfileOption": "0",
    "ProfileType": "none",
    "KernelName": "fpga417_fir"
  },
  "ClockInfo": {
    "ClockName": "ap_clk",
    "ClockPeriod": "10",
    "Uncertainty": "2.7",
    "IsCombinational": "0",
    "II": "49",
    "Latency": "82"
  },
  "Xdc": {"OocClocks": ["create_clock -name ap_clk -period 10.000 [get_ports ap_clk]"]},
  "Ipx": {
    "Vendor": "xilinx.com",
    "Library": "hls",
    "Name": "fpga417_fir",
    "Version": "1.0",
    "DisplayName": "fpga417_fir",
    "Revision": "2113011822",
    "Description": "An IP generated by Vitis HLS",
    "Taxonomy": "\/VITIS_HLS_IP",
    "AutoFamilySupport": "",
    "ZipFile": "xilinx_com_hls_fpga417_fir_1_0.zip"
  },
  "Files": {
    "CSource": ["..\/..\/fpga417_final.cpp"],
    "Vhdl": [
      "impl\/vhdl\/fpga417_fir_Block_for_end_proc.vhd",
      "impl\/vhdl\/fpga417_fir_BUS_A_m_axi.vhd",
      "impl\/vhdl\/fpga417_fir_BUS_B_m_axi.vhd",
      "impl\/vhdl\/fpga417_fir_BUS_C_m_axi.vhd",
      "impl\/vhdl\/fpga417_fir_BUS_D_m_axi.vhd",
      "impl\/vhdl\/fpga417_fir_BUS_E_s_axi.vhd",
      "impl\/vhdl\/fpga417_fir_control_s_axi.vhd",
      "impl\/vhdl\/fpga417_fir_cordic.vhd",
      "impl\/vhdl\/fpga417_fir_entry_proc.vhd",
      "impl\/vhdl\/fpga417_fir_fifo_w7_d2_S.vhd",
      "impl\/vhdl\/fpga417_fir_fifo_w32_d2_S.vhd",
      "impl\/vhdl\/fpga417_fir_fifo_w64_d5_S.vhd",
      "impl\/vhdl\/fpga417_fir_flow_control_loop_pipe_sequential_init.vhd",
      "impl\/vhdl\/fpga417_fir_Loop_LOOP_INIT_FILTER_proc.vhd",
      "impl\/vhdl\/fpga417_fir_Loop_LOOP_INIT_FILTER_proc_Pipeline_LOOP_INIT_FILTER.vhd",
      "impl\/vhdl\/fpga417_fir_mac_muladd_7s_7s_14s_14_4_1.vhd",
      "impl\/vhdl\/fpga417_fir_mac_mulsub_7s_7s_14s_14_4_1.vhd",
      "impl\/vhdl\/fpga417_fir_mul_7s_7s_14_1_1.vhd",
      "impl\/vhdl\/fpga417_fir_mul_mul_25s_13ns_38_4_0.vhd",
      "impl\/vhdl\/fpga417_fir_start_for_top_cordic_rotator_U0.vhd",
      "impl\/vhdl\/fpga417_fir_top_cordic_rotator.vhd",
      "impl\/vhdl\/fpga417_fir_top_cordic_rotator_Pipeline_LOOP_CORDIC_MAIN.vhd",
      "impl\/vhdl\/fpga417_fir_top_fir.vhd",
      "impl\/vhdl\/fpga417_fir_top_fir_Pipeline_LOOP_FIR_MAIN.vhd",
      "impl\/vhdl\/fpga417_fir.vhd"
    ],
    "Verilog": [
      "impl\/verilog\/fpga417_fir_Block_for_end_proc.v",
      "impl\/verilog\/fpga417_fir_BUS_A_m_axi.v",
      "impl\/verilog\/fpga417_fir_BUS_B_m_axi.v",
      "impl\/verilog\/fpga417_fir_BUS_C_m_axi.v",
      "impl\/verilog\/fpga417_fir_BUS_D_m_axi.v",
      "impl\/verilog\/fpga417_fir_BUS_E_s_axi.v",
      "impl\/verilog\/fpga417_fir_control_s_axi.v",
      "impl\/verilog\/fpga417_fir_cordic.v",
      "impl\/verilog\/fpga417_fir_entry_proc.v",
      "impl\/verilog\/fpga417_fir_fifo_w7_d2_S.v",
      "impl\/verilog\/fpga417_fir_fifo_w32_d2_S.v",
      "impl\/verilog\/fpga417_fir_fifo_w64_d5_S.v",
      "impl\/verilog\/fpga417_fir_flow_control_loop_pipe_sequential_init.v",
      "impl\/verilog\/fpga417_fir_hls_deadlock_detection_unit.v",
      "impl\/verilog\/fpga417_fir_hls_deadlock_detector.vh",
      "impl\/verilog\/fpga417_fir_hls_deadlock_report_unit.vh",
      "impl\/verilog\/fpga417_fir_Loop_LOOP_INIT_FILTER_proc.v",
      "impl\/verilog\/fpga417_fir_Loop_LOOP_INIT_FILTER_proc_Pipeline_LOOP_INIT_FILTER.v",
      "impl\/verilog\/fpga417_fir_mac_muladd_7s_7s_14s_14_4_1.v",
      "impl\/verilog\/fpga417_fir_mac_mulsub_7s_7s_14s_14_4_1.v",
      "impl\/verilog\/fpga417_fir_mul_7s_7s_14_1_1.v",
      "impl\/verilog\/fpga417_fir_mul_mul_25s_13ns_38_4_0.v",
      "impl\/verilog\/fpga417_fir_start_for_top_cordic_rotator_U0.v",
      "impl\/verilog\/fpga417_fir_top_cordic_rotator.v",
      "impl\/verilog\/fpga417_fir_top_cordic_rotator_Pipeline_LOOP_CORDIC_MAIN.v",
      "impl\/verilog\/fpga417_fir_top_fir.v",
      "impl\/verilog\/fpga417_fir_top_fir_Pipeline_LOOP_FIR_MAIN.v",
      "impl\/verilog\/fpga417_fir.v"
    ],
    "SwDriver": [
      "impl\/misc\/drivers\/fpga417_fir_v1_0\/data\/fpga417_fir.mdd",
      "impl\/misc\/drivers\/fpga417_fir_v1_0\/data\/fpga417_fir.tcl",
      "impl\/misc\/drivers\/fpga417_fir_v1_0\/src\/Makefile",
      "impl\/misc\/drivers\/fpga417_fir_v1_0\/src\/xfpga417_fir.c",
      "impl\/misc\/drivers\/fpga417_fir_v1_0\/src\/xfpga417_fir.h",
      "impl\/misc\/drivers\/fpga417_fir_v1_0\/src\/xfpga417_fir_hw.h",
      "impl\/misc\/drivers\/fpga417_fir_v1_0\/src\/xfpga417_fir_linux.c",
      "impl\/misc\/drivers\/fpga417_fir_v1_0\/src\/xfpga417_fir_sinit.c"
    ],
    "IpMisc": ["impl\/misc\/logo.png"],
    "CsynthXml": "syn\/report\/csynth.xml",
    "DebugDir": ".debug",
    "KernelXml": ".autopilot\/db\/kernel.internal.xml",
    "Xo": "",
    "XoHlsDir": "",
    "ProtoInst": [".debug\/fpga417_fir.protoinst"]
  },
  "SubcoreInfo": {
    "HasXpmMemory": false,
    "HasClockedDsp": false,
    "Ip": []
  },
  "Interfaces": {
    "s_axi_BUS_E": {
      "type": "axi4lite",
      "busTypeName": "aximm",
      "mode": "slave",
      "dataWidth": "32",
      "addrWidth": "5",
      "portPrefix": "s_axi_BUS_E_",
      "paramPrefix": "C_S_AXI_BUS_E_",
      "ports": [
        "s_axi_BUS_E_ARADDR",
        "s_axi_BUS_E_ARREADY",
        "s_axi_BUS_E_ARVALID",
        "s_axi_BUS_E_AWADDR",
        "s_axi_BUS_E_AWREADY",
        "s_axi_BUS_E_AWVALID",
        "s_axi_BUS_E_BREADY",
        "s_axi_BUS_E_BRESP",
        "s_axi_BUS_E_BVALID",
        "s_axi_BUS_E_RDATA",
        "s_axi_BUS_E_RREADY",
        "s_axi_BUS_E_RRESP",
        "s_axi_BUS_E_RVALID",
        "s_axi_BUS_E_WDATA",
        "s_axi_BUS_E_WREADY",
        "s_axi_BUS_E_WSTRB",
        "s_axi_BUS_E_WVALID"
      ],
      "registers": [
        {
          "offset": "0x00",
          "name": "CTRL",
          "access": "RW",
          "description": "Control signals",
          "range": "32",
          "fields": [
            {
              "offset": "0",
              "width": "1",
              "name": "AP_START",
              "access": "RW",
              "description": "Control signal Register for 'ap_start'."
            },
            {
              "offset": "1",
              "width": "1",
              "name": "AP_DONE",
              "access": "R",
              "description": "Control signal Register for 'ap_done'."
            },
            {
              "offset": "2",
              "width": "1",
              "name": "AP_IDLE",
              "access": "R",
              "description": "Control signal Register for 'ap_idle'."
            },
            {
              "offset": "3",
              "width": "1",
              "name": "AP_READY",
              "access": "R",
              "description": "Control signal Register for 'ap_ready'."
            },
            {
              "offset": "4",
              "width": "3",
              "name": "RESERVED_1",
              "access": "R",
              "description": "Reserved.  0s on read."
            },
            {
              "offset": "7",
              "width": "1",
              "name": "AUTO_RESTART",
              "access": "RW",
              "description": "Control signal Register for 'auto_restart'."
            },
            {
              "offset": "8",
              "width": "1",
              "name": "RESERVED_2",
              "access": "R",
              "description": "Reserved.  0s on read."
            },
            {
              "offset": "9",
              "width": "1",
              "name": "INTERRUPT",
              "access": "R",
              "description": "Control signal Register for 'interrupt'."
            },
            {
              "offset": "10",
              "width": "22",
              "name": "RESERVED_3",
              "access": "R",
              "description": "Reserved.  0s on read."
            }
          ]
        },
        {
          "offset": "0x04",
          "name": "GIER",
          "access": "RW",
          "description": "Global Interrupt Enable Register",
          "range": "32",
          "fields": [
            {
              "offset": "0",
              "width": "1",
              "name": "Enable",
              "access": "RW",
              "description": "Master enable for the device interrupt output to the system interrupt controller: 0 = Disabled, 1 = Enabled"
            },
            {
              "offset": "1",
              "width": "31",
              "name": "RESERVED",
              "access": "R",
              "description": "Reserved.  0s on read."
            }
          ]
        },
        {
          "offset": "0x08",
          "name": "IP_IER",
          "access": "RW",
          "description": "IP Interrupt Enable Register",
          "range": "32",
          "fields": [
            {
              "offset": "0",
              "width": "1",
              "name": "CHAN0_INT_EN",
              "access": "RW",
              "description": "Enable Channel 0 (ap_done) Interrupt.  0 = Disabled, 1 = Enabled."
            },
            {
              "offset": "1",
              "width": "1",
              "name": "CHAN1_INT_EN",
              "access": "RW",
              "description": "Enable Channel 1 (ap_ready) Interrupt.  0 = Disabled, 1 = Enabled."
            },
            {
              "offset": "2",
              "width": "30",
              "name": "RESERVED_0",
              "access": "R",
              "description": "Reserved.  0s on read."
            }
          ]
        },
        {
          "offset": "0x0c",
          "name": "IP_ISR",
          "access": "RW",
          "description": "IP Interrupt Status Register",
          "range": "32",
          "fields": [
            {
              "offset": "0",
              "width": "1",
              "name": "CHAN0_INT_ST",
              "access": "RTOW",
              "description": "Channel 0 (ap_done) Interrupt Status. 0 = No Channel 0 interrupt, 1 = Channel 0 interrupt."
            },
            {
              "offset": "1",
              "width": "1",
              "name": "CHAN1_INT_ST",
              "access": "RTOW",
              "description": "Channel 1 (ap_ready) Interrupt Status. 0 = No Channel 1 interrupt, 1 = Channel 1 interrupt."
            },
            {
              "offset": "2",
              "width": "30",
              "name": "RESERVED_0",
              "access": "R",
              "description": "Reserved.  0s on read."
            }
          ]
        },
        {
          "offset": "0x10",
          "name": "input_length",
          "access": "W",
          "description": "Data signal of input_length",
          "range": "32",
          "fields": [{
              "offset": "0",
              "width": "32",
              "name": "input_length",
              "access": "W",
              "description": "Bit 31 to 0 of input_length"
            }]
        }
      ],
      "constraints": [{
          "constraint_type": "pragma interface",
          "mode": "s_axilite",
          "register_option": "0",
          "offset": "16",
          "argName": "input_length"
        }]
    },
    "s_axi_control": {
      "type": "axi4lite",
      "busTypeName": "aximm",
      "mode": "slave",
      "dataWidth": "32",
      "addrWidth": "7",
      "portPrefix": "s_axi_control_",
      "paramPrefix": "C_S_AXI_CONTROL_",
      "offsetMasterName": "m_axi_BUS_B",
      "ports": [
        "s_axi_control_ARADDR",
        "s_axi_control_ARREADY",
        "s_axi_control_ARVALID",
        "s_axi_control_AWADDR",
        "s_axi_control_AWREADY",
        "s_axi_control_AWVALID",
        "s_axi_control_BREADY",
        "s_axi_control_BRESP",
        "s_axi_control_BVALID",
        "s_axi_control_RDATA",
        "s_axi_control_RREADY",
        "s_axi_control_RRESP",
        "s_axi_control_RVALID",
        "s_axi_control_WDATA",
        "s_axi_control_WREADY",
        "s_axi_control_WSTRB",
        "s_axi_control_WVALID"
      ],
      "registers": [
        {
          "offset": "0x10",
          "name": "input_real_1",
          "access": "W",
          "description": "Data signal of input_real",
          "range": "32",
          "fields": [{
              "offset": "0",
              "width": "32",
              "name": "input_real",
              "access": "W",
              "description": "Bit 31 to 0 of input_real"
            }]
        },
        {
          "offset": "0x14",
          "name": "input_real_2",
          "access": "W",
          "description": "Data signal of input_real",
          "range": "32",
          "fields": [{
              "offset": "0",
              "width": "32",
              "name": "input_real",
              "access": "W",
              "description": "Bit 63 to 32 of input_real"
            }]
        },
        {
          "offset": "0x1c",
          "name": "input_img_1",
          "access": "W",
          "description": "Data signal of input_img",
          "range": "32",
          "fields": [{
              "offset": "0",
              "width": "32",
              "name": "input_img",
              "access": "W",
              "description": "Bit 31 to 0 of input_img"
            }]
        },
        {
          "offset": "0x20",
          "name": "input_img_2",
          "access": "W",
          "description": "Data signal of input_img",
          "range": "32",
          "fields": [{
              "offset": "0",
              "width": "32",
              "name": "input_img",
              "access": "W",
              "description": "Bit 63 to 32 of input_img"
            }]
        },
        {
          "offset": "0x28",
          "name": "kernel_real_1",
          "access": "W",
          "description": "Data signal of kernel_real",
          "range": "32",
          "fields": [{
              "offset": "0",
              "width": "32",
              "name": "kernel_real",
              "access": "W",
              "description": "Bit 31 to 0 of kernel_real"
            }]
        },
        {
          "offset": "0x2c",
          "name": "kernel_real_2",
          "access": "W",
          "description": "Data signal of kernel_real",
          "range": "32",
          "fields": [{
              "offset": "0",
              "width": "32",
              "name": "kernel_real",
              "access": "W",
              "description": "Bit 63 to 32 of kernel_real"
            }]
        },
        {
          "offset": "0x34",
          "name": "kernel_img_1",
          "access": "W",
          "description": "Data signal of kernel_img",
          "range": "32",
          "fields": [{
              "offset": "0",
              "width": "32",
              "name": "kernel_img",
              "access": "W",
              "description": "Bit 31 to 0 of kernel_img"
            }]
        },
        {
          "offset": "0x38",
          "name": "kernel_img_2",
          "access": "W",
          "description": "Data signal of kernel_img",
          "range": "32",
          "fields": [{
              "offset": "0",
              "width": "32",
              "name": "kernel_img",
              "access": "W",
              "description": "Bit 63 to 32 of kernel_img"
            }]
        },
        {
          "offset": "0x40",
          "name": "output_mag_1",
          "access": "W",
          "description": "Data signal of output_mag",
          "range": "32",
          "fields": [{
              "offset": "0",
              "width": "32",
              "name": "output_mag",
              "access": "W",
              "description": "Bit 31 to 0 of output_mag"
            }]
        },
        {
          "offset": "0x44",
          "name": "output_mag_2",
          "access": "W",
          "description": "Data signal of output_mag",
          "range": "32",
          "fields": [{
              "offset": "0",
              "width": "32",
              "name": "output_mag",
              "access": "W",
              "description": "Bit 63 to 32 of output_mag"
            }]
        },
        {
          "offset": "0x4c",
          "name": "output_angle_1",
          "access": "W",
          "description": "Data signal of output_angle",
          "range": "32",
          "fields": [{
              "offset": "0",
              "width": "32",
              "name": "output_angle",
              "access": "W",
              "description": "Bit 31 to 0 of output_angle"
            }]
        },
        {
          "offset": "0x50",
          "name": "output_angle_2",
          "access": "W",
          "description": "Data signal of output_angle",
          "range": "32",
          "fields": [{
              "offset": "0",
              "width": "32",
              "name": "output_angle",
              "access": "W",
              "description": "Bit 63 to 32 of output_angle"
            }]
        }
      ],
      "constraints": [
        {
          "constraint_type": "pragma interface",
          "mode": "s_axilite",
          "register_option": "0",
          "offset": "16",
          "argName": "input_real"
        },
        {
          "constraint_type": "pragma interface",
          "mode": "s_axilite",
          "register_option": "0",
          "offset": "28",
          "argName": "input_img"
        },
        {
          "constraint_type": "pragma interface",
          "mode": "s_axilite",
          "register_option": "0",
          "offset": "40",
          "argName": "kernel_real"
        },
        {
          "constraint_type": "pragma interface",
          "mode": "s_axilite",
          "register_option": "0",
          "offset": "52",
          "argName": "kernel_img"
        },
        {
          "constraint_type": "pragma interface",
          "mode": "s_axilite",
          "register_option": "0",
          "offset": "64",
          "argName": "output_mag"
        },
        {
          "constraint_type": "pragma interface",
          "mode": "s_axilite",
          "register_option": "0",
          "offset": "76",
          "argName": "output_angle"
        }
      ]
    },
    "ap_clk": {
      "type": "clock",
      "busTypeName": "clock",
      "mode": "slave",
      "busParams": {
        "ASSOCIATED_BUSIF": "s_axi_BUS_E:s_axi_control:m_axi_BUS_A:m_axi_BUS_B:m_axi_BUS_C:m_axi_BUS_D",
        "ASSOCIATED_RESET": "ap_rst_n"
      },
      "portMap": {"ap_clk": "CLK"},
      "ports": ["ap_clk"]
    },
    "ap_rst_n": {
      "type": "reset",
      "busTypeName": "reset",
      "mode": "slave",
      "busParams": {"POLARITY": "ACTIVE_LOW"},
      "portMap": {"ap_rst_n": "RST"},
      "ports": ["ap_rst_n"]
    },
    "interrupt": {
      "type": "interrupt",
      "busTypeName": "interrupt",
      "mode": "master",
      "dataWidth": "1",
      "busParams": {"SENSITIVITY": "LEVEL_HIGH"},
      "portMap": {"interrupt": "INTERRUPT"},
      "ports": ["interrupt"]
    },
    "m_axi_BUS_A": {
      "type": "axi4full",
      "busTypeName": "aximm",
      "mode": "master",
      "dataWidth": "32",
      "addrWidth": "64",
      "portPrefix": "m_axi_BUS_A_",
      "paramPrefix": "C_M_AXI_BUS_A_",
      "offsetSlaveName": "s_axi_control",
      "preferredUsageValue": "MEMORY",
      "busParams": {
        "NUM_READ_OUTSTANDING": "16",
        "NUM_WRITE_OUTSTANDING": "16",
        "MAX_READ_BURST_LENGTH": "16",
        "MAX_WRITE_BURST_LENGTH": "16",
        "MAX_BURST_LENGTH": "256",
        "PROTOCOL": "AXI4",
        "READ_WRITE_MODE": "READ_WRITE",
        "HAS_BURST": "0",
        "SUPPORTS_NARROW_BURST": "0"
      },
      "ports": [
        "m_axi_BUS_A_ARADDR",
        "m_axi_BUS_A_ARBURST",
        "m_axi_BUS_A_ARCACHE",
        "m_axi_BUS_A_ARID",
        "m_axi_BUS_A_ARLEN",
        "m_axi_BUS_A_ARLOCK",
        "m_axi_BUS_A_ARPROT",
        "m_axi_BUS_A_ARQOS",
        "m_axi_BUS_A_ARREADY",
        "m_axi_BUS_A_ARREGION",
        "m_axi_BUS_A_ARSIZE",
        "m_axi_BUS_A_ARUSER",
        "m_axi_BUS_A_ARVALID",
        "m_axi_BUS_A_AWADDR",
        "m_axi_BUS_A_AWBURST",
        "m_axi_BUS_A_AWCACHE",
        "m_axi_BUS_A_AWID",
        "m_axi_BUS_A_AWLEN",
        "m_axi_BUS_A_AWLOCK",
        "m_axi_BUS_A_AWPROT",
        "m_axi_BUS_A_AWQOS",
        "m_axi_BUS_A_AWREADY",
        "m_axi_BUS_A_AWREGION",
        "m_axi_BUS_A_AWSIZE",
        "m_axi_BUS_A_AWUSER",
        "m_axi_BUS_A_AWVALID",
        "m_axi_BUS_A_BID",
        "m_axi_BUS_A_BREADY",
        "m_axi_BUS_A_BRESP",
        "m_axi_BUS_A_BUSER",
        "m_axi_BUS_A_BVALID",
        "m_axi_BUS_A_RDATA",
        "m_axi_BUS_A_RID",
        "m_axi_BUS_A_RLAST",
        "m_axi_BUS_A_RREADY",
        "m_axi_BUS_A_RRESP",
        "m_axi_BUS_A_RUSER",
        "m_axi_BUS_A_RVALID",
        "m_axi_BUS_A_WDATA",
        "m_axi_BUS_A_WID",
        "m_axi_BUS_A_WLAST",
        "m_axi_BUS_A_WREADY",
        "m_axi_BUS_A_WSTRB",
        "m_axi_BUS_A_WUSER",
        "m_axi_BUS_A_WVALID"
      ],
      "constraints": [
        {
          "constraint_type": "pragma interface",
          "mode": "m_axi",
          "register_option": "0",
          "offset": "slave",
          "latency": "0",
          "num_read_outstanding": "16",
          "num_write_outstanding": "16",
          "max_read_burst_length": "16",
          "max_write_burst_length": "16",
          "max_widen_bitwidth": "0",
          "argName": "input_real"
        },
        {
          "constraint_type": "bitwidth",
          "orig_bitwidth": "32",
          "final_bitwidth": "32",
          "argName": "input_real"
        },
        {
          "constraint_type": "pragma interface",
          "mode": "m_axi",
          "register_option": "0",
          "offset": "slave",
          "latency": "0",
          "num_read_outstanding": "16",
          "num_write_outstanding": "16",
          "max_read_burst_length": "16",
          "max_write_burst_length": "16",
          "max_widen_bitwidth": "0",
          "argName": "output_mag"
        },
        {
          "constraint_type": "bitwidth",
          "orig_bitwidth": "32",
          "final_bitwidth": "32",
          "argName": "output_mag"
        }
      ]
    },
    "m_axi_BUS_B": {
      "type": "axi4full",
      "busTypeName": "aximm",
      "mode": "master",
      "dataWidth": "32",
      "addrWidth": "64",
      "portPrefix": "m_axi_BUS_B_",
      "paramPrefix": "C_M_AXI_BUS_B_",
      "offsetSlaveName": "s_axi_control",
      "preferredUsageValue": "MEMORY",
      "busParams": {
        "NUM_READ_OUTSTANDING": "16",
        "NUM_WRITE_OUTSTANDING": "16",
        "MAX_READ_BURST_LENGTH": "16",
        "MAX_WRITE_BURST_LENGTH": "16",
        "MAX_BURST_LENGTH": "256",
        "PROTOCOL": "AXI4",
        "READ_WRITE_MODE": "READ_WRITE",
        "HAS_BURST": "0",
        "SUPPORTS_NARROW_BURST": "0"
      },
      "ports": [
        "m_axi_BUS_B_ARADDR",
        "m_axi_BUS_B_ARBURST",
        "m_axi_BUS_B_ARCACHE",
        "m_axi_BUS_B_ARID",
        "m_axi_BUS_B_ARLEN",
        "m_axi_BUS_B_ARLOCK",
        "m_axi_BUS_B_ARPROT",
        "m_axi_BUS_B_ARQOS",
        "m_axi_BUS_B_ARREADY",
        "m_axi_BUS_B_ARREGION",
        "m_axi_BUS_B_ARSIZE",
        "m_axi_BUS_B_ARUSER",
        "m_axi_BUS_B_ARVALID",
        "m_axi_BUS_B_AWADDR",
        "m_axi_BUS_B_AWBURST",
        "m_axi_BUS_B_AWCACHE",
        "m_axi_BUS_B_AWID",
        "m_axi_BUS_B_AWLEN",
        "m_axi_BUS_B_AWLOCK",
        "m_axi_BUS_B_AWPROT",
        "m_axi_BUS_B_AWQOS",
        "m_axi_BUS_B_AWREADY",
        "m_axi_BUS_B_AWREGION",
        "m_axi_BUS_B_AWSIZE",
        "m_axi_BUS_B_AWUSER",
        "m_axi_BUS_B_AWVALID",
        "m_axi_BUS_B_BID",
        "m_axi_BUS_B_BREADY",
        "m_axi_BUS_B_BRESP",
        "m_axi_BUS_B_BUSER",
        "m_axi_BUS_B_BVALID",
        "m_axi_BUS_B_RDATA",
        "m_axi_BUS_B_RID",
        "m_axi_BUS_B_RLAST",
        "m_axi_BUS_B_RREADY",
        "m_axi_BUS_B_RRESP",
        "m_axi_BUS_B_RUSER",
        "m_axi_BUS_B_RVALID",
        "m_axi_BUS_B_WDATA",
        "m_axi_BUS_B_WID",
        "m_axi_BUS_B_WLAST",
        "m_axi_BUS_B_WREADY",
        "m_axi_BUS_B_WSTRB",
        "m_axi_BUS_B_WUSER",
        "m_axi_BUS_B_WVALID"
      ],
      "constraints": [
        {
          "constraint_type": "pragma interface",
          "mode": "m_axi",
          "register_option": "0",
          "offset": "slave",
          "latency": "0",
          "num_read_outstanding": "16",
          "num_write_outstanding": "16",
          "max_read_burst_length": "16",
          "max_write_burst_length": "16",
          "max_widen_bitwidth": "0",
          "argName": "input_img"
        },
        {
          "constraint_type": "bitwidth",
          "orig_bitwidth": "32",
          "final_bitwidth": "32",
          "argName": "input_img"
        },
        {
          "constraint_type": "pragma interface",
          "mode": "m_axi",
          "register_option": "0",
          "offset": "slave",
          "latency": "0",
          "num_read_outstanding": "16",
          "num_write_outstanding": "16",
          "max_read_burst_length": "16",
          "max_write_burst_length": "16",
          "max_widen_bitwidth": "0",
          "argName": "output_angle"
        },
        {
          "constraint_type": "bitwidth",
          "orig_bitwidth": "32",
          "final_bitwidth": "32",
          "argName": "output_angle"
        }
      ]
    },
    "m_axi_BUS_C": {
      "type": "axi4full",
      "busTypeName": "aximm",
      "mode": "master",
      "dataWidth": "32",
      "addrWidth": "64",
      "portPrefix": "m_axi_BUS_C_",
      "paramPrefix": "C_M_AXI_BUS_C_",
      "offsetSlaveName": "s_axi_control",
      "preferredUsageValue": "MEMORY",
      "busParams": {
        "NUM_READ_OUTSTANDING": "16",
        "NUM_WRITE_OUTSTANDING": "16",
        "MAX_READ_BURST_LENGTH": "16",
        "MAX_WRITE_BURST_LENGTH": "16",
        "MAX_BURST_LENGTH": "256",
        "PROTOCOL": "AXI4",
        "READ_WRITE_MODE": "READ_ONLY",
        "HAS_BURST": "0",
        "SUPPORTS_NARROW_BURST": "0"
      },
      "ports": [
        "m_axi_BUS_C_ARADDR",
        "m_axi_BUS_C_ARBURST",
        "m_axi_BUS_C_ARCACHE",
        "m_axi_BUS_C_ARID",
        "m_axi_BUS_C_ARLEN",
        "m_axi_BUS_C_ARLOCK",
        "m_axi_BUS_C_ARPROT",
        "m_axi_BUS_C_ARQOS",
        "m_axi_BUS_C_ARREADY",
        "m_axi_BUS_C_ARREGION",
        "m_axi_BUS_C_ARSIZE",
        "m_axi_BUS_C_ARUSER",
        "m_axi_BUS_C_ARVALID",
        "m_axi_BUS_C_AWADDR",
        "m_axi_BUS_C_AWBURST",
        "m_axi_BUS_C_AWCACHE",
        "m_axi_BUS_C_AWID",
        "m_axi_BUS_C_AWLEN",
        "m_axi_BUS_C_AWLOCK",
        "m_axi_BUS_C_AWPROT",
        "m_axi_BUS_C_AWQOS",
        "m_axi_BUS_C_AWREADY",
        "m_axi_BUS_C_AWREGION",
        "m_axi_BUS_C_AWSIZE",
        "m_axi_BUS_C_AWUSER",
        "m_axi_BUS_C_AWVALID",
        "m_axi_BUS_C_BID",
        "m_axi_BUS_C_BREADY",
        "m_axi_BUS_C_BRESP",
        "m_axi_BUS_C_BUSER",
        "m_axi_BUS_C_BVALID",
        "m_axi_BUS_C_RDATA",
        "m_axi_BUS_C_RID",
        "m_axi_BUS_C_RLAST",
        "m_axi_BUS_C_RREADY",
        "m_axi_BUS_C_RRESP",
        "m_axi_BUS_C_RUSER",
        "m_axi_BUS_C_RVALID",
        "m_axi_BUS_C_WDATA",
        "m_axi_BUS_C_WID",
        "m_axi_BUS_C_WLAST",
        "m_axi_BUS_C_WREADY",
        "m_axi_BUS_C_WSTRB",
        "m_axi_BUS_C_WUSER",
        "m_axi_BUS_C_WVALID"
      ],
      "constraints": [
        {
          "constraint_type": "pragma interface",
          "mode": "m_axi",
          "register_option": "0",
          "offset": "slave",
          "latency": "0",
          "num_read_outstanding": "16",
          "num_write_outstanding": "16",
          "max_read_burst_length": "16",
          "max_write_burst_length": "16",
          "max_widen_bitwidth": "0",
          "argName": "kernel_real"
        },
        {
          "constraint_type": "bitwidth",
          "orig_bitwidth": "32",
          "final_bitwidth": "32",
          "argName": "kernel_real"
        }
      ]
    },
    "m_axi_BUS_D": {
      "type": "axi4full",
      "busTypeName": "aximm",
      "mode": "master",
      "dataWidth": "32",
      "addrWidth": "64",
      "portPrefix": "m_axi_BUS_D_",
      "paramPrefix": "C_M_AXI_BUS_D_",
      "offsetSlaveName": "s_axi_control",
      "preferredUsageValue": "MEMORY",
      "busParams": {
        "NUM_READ_OUTSTANDING": "16",
        "NUM_WRITE_OUTSTANDING": "16",
        "MAX_READ_BURST_LENGTH": "16",
        "MAX_WRITE_BURST_LENGTH": "16",
        "MAX_BURST_LENGTH": "256",
        "PROTOCOL": "AXI4",
        "READ_WRITE_MODE": "READ_ONLY",
        "HAS_BURST": "0",
        "SUPPORTS_NARROW_BURST": "0"
      },
      "ports": [
        "m_axi_BUS_D_ARADDR",
        "m_axi_BUS_D_ARBURST",
        "m_axi_BUS_D_ARCACHE",
        "m_axi_BUS_D_ARID",
        "m_axi_BUS_D_ARLEN",
        "m_axi_BUS_D_ARLOCK",
        "m_axi_BUS_D_ARPROT",
        "m_axi_BUS_D_ARQOS",
        "m_axi_BUS_D_ARREADY",
        "m_axi_BUS_D_ARREGION",
        "m_axi_BUS_D_ARSIZE",
        "m_axi_BUS_D_ARUSER",
        "m_axi_BUS_D_ARVALID",
        "m_axi_BUS_D_AWADDR",
        "m_axi_BUS_D_AWBURST",
        "m_axi_BUS_D_AWCACHE",
        "m_axi_BUS_D_AWID",
        "m_axi_BUS_D_AWLEN",
        "m_axi_BUS_D_AWLOCK",
        "m_axi_BUS_D_AWPROT",
        "m_axi_BUS_D_AWQOS",
        "m_axi_BUS_D_AWREADY",
        "m_axi_BUS_D_AWREGION",
        "m_axi_BUS_D_AWSIZE",
        "m_axi_BUS_D_AWUSER",
        "m_axi_BUS_D_AWVALID",
        "m_axi_BUS_D_BID",
        "m_axi_BUS_D_BREADY",
        "m_axi_BUS_D_BRESP",
        "m_axi_BUS_D_BUSER",
        "m_axi_BUS_D_BVALID",
        "m_axi_BUS_D_RDATA",
        "m_axi_BUS_D_RID",
        "m_axi_BUS_D_RLAST",
        "m_axi_BUS_D_RREADY",
        "m_axi_BUS_D_RRESP",
        "m_axi_BUS_D_RUSER",
        "m_axi_BUS_D_RVALID",
        "m_axi_BUS_D_WDATA",
        "m_axi_BUS_D_WID",
        "m_axi_BUS_D_WLAST",
        "m_axi_BUS_D_WREADY",
        "m_axi_BUS_D_WSTRB",
        "m_axi_BUS_D_WUSER",
        "m_axi_BUS_D_WVALID"
      ],
      "constraints": [
        {
          "constraint_type": "pragma interface",
          "mode": "m_axi",
          "register_option": "0",
          "offset": "slave",
          "latency": "0",
          "num_read_outstanding": "16",
          "num_write_outstanding": "16",
          "max_read_burst_length": "16",
          "max_write_burst_length": "16",
          "max_widen_bitwidth": "0",
          "argName": "kernel_img"
        },
        {
          "constraint_type": "bitwidth",
          "orig_bitwidth": "32",
          "final_bitwidth": "32",
          "argName": "kernel_img"
        }
      ]
    }
  },
  "RtlPorts": {
    "s_axi_BUS_E_AWVALID": {
      "dir": "in",
      "width": "1"
    },
    "s_axi_BUS_E_AWREADY": {
      "dir": "out",
      "width": "1"
    },
    "s_axi_BUS_E_AWADDR": {
      "dir": "in",
      "width": "5"
    },
    "s_axi_BUS_E_WVALID": {
      "dir": "in",
      "width": "1"
    },
    "s_axi_BUS_E_WREADY": {
      "dir": "out",
      "width": "1"
    },
    "s_axi_BUS_E_WDATA": {
      "dir": "in",
      "width": "32"
    },
    "s_axi_BUS_E_WSTRB": {
      "dir": "in",
      "width": "4"
    },
    "s_axi_BUS_E_ARVALID": {
      "dir": "in",
      "width": "1"
    },
    "s_axi_BUS_E_ARREADY": {
      "dir": "out",
      "width": "1"
    },
    "s_axi_BUS_E_ARADDR": {
      "dir": "in",
      "width": "5"
    },
    "s_axi_BUS_E_RVALID": {
      "dir": "out",
      "width": "1"
    },
    "s_axi_BUS_E_RREADY": {
      "dir": "in",
      "width": "1"
    },
    "s_axi_BUS_E_RDATA": {
      "dir": "out",
      "width": "32"
    },
    "s_axi_BUS_E_RRESP": {
      "dir": "out",
      "width": "2"
    },
    "s_axi_BUS_E_BVALID": {
      "dir": "out",
      "width": "1"
    },
    "s_axi_BUS_E_BREADY": {
      "dir": "in",
      "width": "1"
    },
    "s_axi_BUS_E_BRESP": {
      "dir": "out",
      "width": "2"
    },
    "s_axi_control_AWVALID": {
      "dir": "in",
      "width": "1"
    },
    "s_axi_control_AWREADY": {
      "dir": "out",
      "width": "1"
    },
    "s_axi_control_AWADDR": {
      "dir": "in",
      "width": "7"
    },
    "s_axi_control_WVALID": {
      "dir": "in",
      "width": "1"
    },
    "s_axi_control_WREADY": {
      "dir": "out",
      "width": "1"
    },
    "s_axi_control_WDATA": {
      "dir": "in",
      "width": "32"
    },
    "s_axi_control_WSTRB": {
      "dir": "in",
      "width": "4"
    },
    "s_axi_control_ARVALID": {
      "dir": "in",
      "width": "1"
    },
    "s_axi_control_ARREADY": {
      "dir": "out",
      "width": "1"
    },
    "s_axi_control_ARADDR": {
      "dir": "in",
      "width": "7"
    },
    "s_axi_control_RVALID": {
      "dir": "out",
      "width": "1"
    },
    "s_axi_control_RREADY": {
      "dir": "in",
      "width": "1"
    },
    "s_axi_control_RDATA": {
      "dir": "out",
      "width": "32"
    },
    "s_axi_control_RRESP": {
      "dir": "out",
      "width": "2"
    },
    "s_axi_control_BVALID": {
      "dir": "out",
      "width": "1"
    },
    "s_axi_control_BREADY": {
      "dir": "in",
      "width": "1"
    },
    "s_axi_control_BRESP": {
      "dir": "out",
      "width": "2"
    },
    "ap_clk": {
      "dir": "in",
      "width": "1"
    },
    "ap_rst_n": {
      "dir": "in",
      "width": "1"
    },
    "interrupt": {
      "dir": "out",
      "width": "1"
    },
    "m_axi_BUS_A_AWVALID": {
      "dir": "out",
      "width": "1"
    },
    "m_axi_BUS_A_AWREADY": {
      "dir": "in",
      "width": "1"
    },
    "m_axi_BUS_A_AWADDR": {
      "dir": "out",
      "width": "64"
    },
    "m_axi_BUS_A_AWID": {
      "dir": "out",
      "width": "1",
      "isVector": "true"
    },
    "m_axi_BUS_A_AWLEN": {
      "dir": "out",
      "width": "8"
    },
    "m_axi_BUS_A_AWSIZE": {
      "dir": "out",
      "width": "3"
    },
    "m_axi_BUS_A_AWBURST": {
      "dir": "out",
      "width": "2"
    },
    "m_axi_BUS_A_AWLOCK": {
      "dir": "out",
      "width": "2"
    },
    "m_axi_BUS_A_AWCACHE": {
      "dir": "out",
      "width": "4"
    },
    "m_axi_BUS_A_AWPROT": {
      "dir": "out",
      "width": "3"
    },
    "m_axi_BUS_A_AWQOS": {
      "dir": "out",
      "width": "4"
    },
    "m_axi_BUS_A_AWREGION": {
      "dir": "out",
      "width": "4"
    },
    "m_axi_BUS_A_AWUSER": {
      "dir": "out",
      "width": "1",
      "isVector": "true"
    },
    "m_axi_BUS_A_WVALID": {
      "dir": "out",
      "width": "1"
    },
    "m_axi_BUS_A_WREADY": {
      "dir": "in",
      "width": "1"
    },
    "m_axi_BUS_A_WDATA": {
      "dir": "out",
      "width": "32"
    },
    "m_axi_BUS_A_WSTRB": {
      "dir": "out",
      "width": "4"
    },
    "m_axi_BUS_A_WLAST": {
      "dir": "out",
      "width": "1"
    },
    "m_axi_BUS_A_WID": {
      "dir": "out",
      "width": "1",
      "isVector": "true"
    },
    "m_axi_BUS_A_WUSER": {
      "dir": "out",
      "width": "1",
      "isVector": "true"
    },
    "m_axi_BUS_A_ARVALID": {
      "dir": "out",
      "width": "1"
    },
    "m_axi_BUS_A_ARREADY": {
      "dir": "in",
      "width": "1"
    },
    "m_axi_BUS_A_ARADDR": {
      "dir": "out",
      "width": "64"
    },
    "m_axi_BUS_A_ARID": {
      "dir": "out",
      "width": "1",
      "isVector": "true"
    },
    "m_axi_BUS_A_ARLEN": {
      "dir": "out",
      "width": "8"
    },
    "m_axi_BUS_A_ARSIZE": {
      "dir": "out",
      "width": "3"
    },
    "m_axi_BUS_A_ARBURST": {
      "dir": "out",
      "width": "2"
    },
    "m_axi_BUS_A_ARLOCK": {
      "dir": "out",
      "width": "2"
    },
    "m_axi_BUS_A_ARCACHE": {
      "dir": "out",
      "width": "4"
    },
    "m_axi_BUS_A_ARPROT": {
      "dir": "out",
      "width": "3"
    },
    "m_axi_BUS_A_ARQOS": {
      "dir": "out",
      "width": "4"
    },
    "m_axi_BUS_A_ARREGION": {
      "dir": "out",
      "width": "4"
    },
    "m_axi_BUS_A_ARUSER": {
      "dir": "out",
      "width": "1",
      "isVector": "true"
    },
    "m_axi_BUS_A_RVALID": {
      "dir": "in",
      "width": "1"
    },
    "m_axi_BUS_A_RREADY": {
      "dir": "out",
      "width": "1"
    },
    "m_axi_BUS_A_RDATA": {
      "dir": "in",
      "width": "32"
    },
    "m_axi_BUS_A_RLAST": {
      "dir": "in",
      "width": "1"
    },
    "m_axi_BUS_A_RID": {
      "dir": "in",
      "width": "1",
      "isVector": "true"
    },
    "m_axi_BUS_A_RUSER": {
      "dir": "in",
      "width": "1",
      "isVector": "true"
    },
    "m_axi_BUS_A_RRESP": {
      "dir": "in",
      "width": "2"
    },
    "m_axi_BUS_A_BVALID": {
      "dir": "in",
      "width": "1"
    },
    "m_axi_BUS_A_BREADY": {
      "dir": "out",
      "width": "1"
    },
    "m_axi_BUS_A_BRESP": {
      "dir": "in",
      "width": "2"
    },
    "m_axi_BUS_A_BID": {
      "dir": "in",
      "width": "1",
      "isVector": "true"
    },
    "m_axi_BUS_A_BUSER": {
      "dir": "in",
      "width": "1",
      "isVector": "true"
    },
    "m_axi_BUS_B_AWVALID": {
      "dir": "out",
      "width": "1"
    },
    "m_axi_BUS_B_AWREADY": {
      "dir": "in",
      "width": "1"
    },
    "m_axi_BUS_B_AWADDR": {
      "dir": "out",
      "width": "64"
    },
    "m_axi_BUS_B_AWID": {
      "dir": "out",
      "width": "1",
      "isVector": "true"
    },
    "m_axi_BUS_B_AWLEN": {
      "dir": "out",
      "width": "8"
    },
    "m_axi_BUS_B_AWSIZE": {
      "dir": "out",
      "width": "3"
    },
    "m_axi_BUS_B_AWBURST": {
      "dir": "out",
      "width": "2"
    },
    "m_axi_BUS_B_AWLOCK": {
      "dir": "out",
      "width": "2"
    },
    "m_axi_BUS_B_AWCACHE": {
      "dir": "out",
      "width": "4"
    },
    "m_axi_BUS_B_AWPROT": {
      "dir": "out",
      "width": "3"
    },
    "m_axi_BUS_B_AWQOS": {
      "dir": "out",
      "width": "4"
    },
    "m_axi_BUS_B_AWREGION": {
      "dir": "out",
      "width": "4"
    },
    "m_axi_BUS_B_AWUSER": {
      "dir": "out",
      "width": "1",
      "isVector": "true"
    },
    "m_axi_BUS_B_WVALID": {
      "dir": "out",
      "width": "1"
    },
    "m_axi_BUS_B_WREADY": {
      "dir": "in",
      "width": "1"
    },
    "m_axi_BUS_B_WDATA": {
      "dir": "out",
      "width": "32"
    },
    "m_axi_BUS_B_WSTRB": {
      "dir": "out",
      "width": "4"
    },
    "m_axi_BUS_B_WLAST": {
      "dir": "out",
      "width": "1"
    },
    "m_axi_BUS_B_WID": {
      "dir": "out",
      "width": "1",
      "isVector": "true"
    },
    "m_axi_BUS_B_WUSER": {
      "dir": "out",
      "width": "1",
      "isVector": "true"
    },
    "m_axi_BUS_B_ARVALID": {
      "dir": "out",
      "width": "1"
    },
    "m_axi_BUS_B_ARREADY": {
      "dir": "in",
      "width": "1"
    },
    "m_axi_BUS_B_ARADDR": {
      "dir": "out",
      "width": "64"
    },
    "m_axi_BUS_B_ARID": {
      "dir": "out",
      "width": "1",
      "isVector": "true"
    },
    "m_axi_BUS_B_ARLEN": {
      "dir": "out",
      "width": "8"
    },
    "m_axi_BUS_B_ARSIZE": {
      "dir": "out",
      "width": "3"
    },
    "m_axi_BUS_B_ARBURST": {
      "dir": "out",
      "width": "2"
    },
    "m_axi_BUS_B_ARLOCK": {
      "dir": "out",
      "width": "2"
    },
    "m_axi_BUS_B_ARCACHE": {
      "dir": "out",
      "width": "4"
    },
    "m_axi_BUS_B_ARPROT": {
      "dir": "out",
      "width": "3"
    },
    "m_axi_BUS_B_ARQOS": {
      "dir": "out",
      "width": "4"
    },
    "m_axi_BUS_B_ARREGION": {
      "dir": "out",
      "width": "4"
    },
    "m_axi_BUS_B_ARUSER": {
      "dir": "out",
      "width": "1",
      "isVector": "true"
    },
    "m_axi_BUS_B_RVALID": {
      "dir": "in",
      "width": "1"
    },
    "m_axi_BUS_B_RREADY": {
      "dir": "out",
      "width": "1"
    },
    "m_axi_BUS_B_RDATA": {
      "dir": "in",
      "width": "32"
    },
    "m_axi_BUS_B_RLAST": {
      "dir": "in",
      "width": "1"
    },
    "m_axi_BUS_B_RID": {
      "dir": "in",
      "width": "1",
      "isVector": "true"
    },
    "m_axi_BUS_B_RUSER": {
      "dir": "in",
      "width": "1",
      "isVector": "true"
    },
    "m_axi_BUS_B_RRESP": {
      "dir": "in",
      "width": "2"
    },
    "m_axi_BUS_B_BVALID": {
      "dir": "in",
      "width": "1"
    },
    "m_axi_BUS_B_BREADY": {
      "dir": "out",
      "width": "1"
    },
    "m_axi_BUS_B_BRESP": {
      "dir": "in",
      "width": "2"
    },
    "m_axi_BUS_B_BID": {
      "dir": "in",
      "width": "1",
      "isVector": "true"
    },
    "m_axi_BUS_B_BUSER": {
      "dir": "in",
      "width": "1",
      "isVector": "true"
    },
    "m_axi_BUS_C_AWVALID": {
      "dir": "out",
      "width": "1"
    },
    "m_axi_BUS_C_AWREADY": {
      "dir": "in",
      "width": "1"
    },
    "m_axi_BUS_C_AWADDR": {
      "dir": "out",
      "width": "64"
    },
    "m_axi_BUS_C_AWID": {
      "dir": "out",
      "width": "1",
      "isVector": "true"
    },
    "m_axi_BUS_C_AWLEN": {
      "dir": "out",
      "width": "8"
    },
    "m_axi_BUS_C_AWSIZE": {
      "dir": "out",
      "width": "3"
    },
    "m_axi_BUS_C_AWBURST": {
      "dir": "out",
      "width": "2"
    },
    "m_axi_BUS_C_AWLOCK": {
      "dir": "out",
      "width": "2"
    },
    "m_axi_BUS_C_AWCACHE": {
      "dir": "out",
      "width": "4"
    },
    "m_axi_BUS_C_AWPROT": {
      "dir": "out",
      "width": "3"
    },
    "m_axi_BUS_C_AWQOS": {
      "dir": "out",
      "width": "4"
    },
    "m_axi_BUS_C_AWREGION": {
      "dir": "out",
      "width": "4"
    },
    "m_axi_BUS_C_AWUSER": {
      "dir": "out",
      "width": "1",
      "isVector": "true"
    },
    "m_axi_BUS_C_WVALID": {
      "dir": "out",
      "width": "1"
    },
    "m_axi_BUS_C_WREADY": {
      "dir": "in",
      "width": "1"
    },
    "m_axi_BUS_C_WDATA": {
      "dir": "out",
      "width": "32"
    },
    "m_axi_BUS_C_WSTRB": {
      "dir": "out",
      "width": "4"
    },
    "m_axi_BUS_C_WLAST": {
      "dir": "out",
      "width": "1"
    },
    "m_axi_BUS_C_WID": {
      "dir": "out",
      "width": "1",
      "isVector": "true"
    },
    "m_axi_BUS_C_WUSER": {
      "dir": "out",
      "width": "1",
      "isVector": "true"
    },
    "m_axi_BUS_C_ARVALID": {
      "dir": "out",
      "width": "1"
    },
    "m_axi_BUS_C_ARREADY": {
      "dir": "in",
      "width": "1"
    },
    "m_axi_BUS_C_ARADDR": {
      "dir": "out",
      "width": "64"
    },
    "m_axi_BUS_C_ARID": {
      "dir": "out",
      "width": "1",
      "isVector": "true"
    },
    "m_axi_BUS_C_ARLEN": {
      "dir": "out",
      "width": "8"
    },
    "m_axi_BUS_C_ARSIZE": {
      "dir": "out",
      "width": "3"
    },
    "m_axi_BUS_C_ARBURST": {
      "dir": "out",
      "width": "2"
    },
    "m_axi_BUS_C_ARLOCK": {
      "dir": "out",
      "width": "2"
    },
    "m_axi_BUS_C_ARCACHE": {
      "dir": "out",
      "width": "4"
    },
    "m_axi_BUS_C_ARPROT": {
      "dir": "out",
      "width": "3"
    },
    "m_axi_BUS_C_ARQOS": {
      "dir": "out",
      "width": "4"
    },
    "m_axi_BUS_C_ARREGION": {
      "dir": "out",
      "width": "4"
    },
    "m_axi_BUS_C_ARUSER": {
      "dir": "out",
      "width": "1",
      "isVector": "true"
    },
    "m_axi_BUS_C_RVALID": {
      "dir": "in",
      "width": "1"
    },
    "m_axi_BUS_C_RREADY": {
      "dir": "out",
      "width": "1"
    },
    "m_axi_BUS_C_RDATA": {
      "dir": "in",
      "width": "32"
    },
    "m_axi_BUS_C_RLAST": {
      "dir": "in",
      "width": "1"
    },
    "m_axi_BUS_C_RID": {
      "dir": "in",
      "width": "1",
      "isVector": "true"
    },
    "m_axi_BUS_C_RUSER": {
      "dir": "in",
      "width": "1",
      "isVector": "true"
    },
    "m_axi_BUS_C_RRESP": {
      "dir": "in",
      "width": "2"
    },
    "m_axi_BUS_C_BVALID": {
      "dir": "in",
      "width": "1"
    },
    "m_axi_BUS_C_BREADY": {
      "dir": "out",
      "width": "1"
    },
    "m_axi_BUS_C_BRESP": {
      "dir": "in",
      "width": "2"
    },
    "m_axi_BUS_C_BID": {
      "dir": "in",
      "width": "1",
      "isVector": "true"
    },
    "m_axi_BUS_C_BUSER": {
      "dir": "in",
      "width": "1",
      "isVector": "true"
    },
    "m_axi_BUS_D_AWVALID": {
      "dir": "out",
      "width": "1"
    },
    "m_axi_BUS_D_AWREADY": {
      "dir": "in",
      "width": "1"
    },
    "m_axi_BUS_D_AWADDR": {
      "dir": "out",
      "width": "64"
    },
    "m_axi_BUS_D_AWID": {
      "dir": "out",
      "width": "1",
      "isVector": "true"
    },
    "m_axi_BUS_D_AWLEN": {
      "dir": "out",
      "width": "8"
    },
    "m_axi_BUS_D_AWSIZE": {
      "dir": "out",
      "width": "3"
    },
    "m_axi_BUS_D_AWBURST": {
      "dir": "out",
      "width": "2"
    },
    "m_axi_BUS_D_AWLOCK": {
      "dir": "out",
      "width": "2"
    },
    "m_axi_BUS_D_AWCACHE": {
      "dir": "out",
      "width": "4"
    },
    "m_axi_BUS_D_AWPROT": {
      "dir": "out",
      "width": "3"
    },
    "m_axi_BUS_D_AWQOS": {
      "dir": "out",
      "width": "4"
    },
    "m_axi_BUS_D_AWREGION": {
      "dir": "out",
      "width": "4"
    },
    "m_axi_BUS_D_AWUSER": {
      "dir": "out",
      "width": "1",
      "isVector": "true"
    },
    "m_axi_BUS_D_WVALID": {
      "dir": "out",
      "width": "1"
    },
    "m_axi_BUS_D_WREADY": {
      "dir": "in",
      "width": "1"
    },
    "m_axi_BUS_D_WDATA": {
      "dir": "out",
      "width": "32"
    },
    "m_axi_BUS_D_WSTRB": {
      "dir": "out",
      "width": "4"
    },
    "m_axi_BUS_D_WLAST": {
      "dir": "out",
      "width": "1"
    },
    "m_axi_BUS_D_WID": {
      "dir": "out",
      "width": "1",
      "isVector": "true"
    },
    "m_axi_BUS_D_WUSER": {
      "dir": "out",
      "width": "1",
      "isVector": "true"
    },
    "m_axi_BUS_D_ARVALID": {
      "dir": "out",
      "width": "1"
    },
    "m_axi_BUS_D_ARREADY": {
      "dir": "in",
      "width": "1"
    },
    "m_axi_BUS_D_ARADDR": {
      "dir": "out",
      "width": "64"
    },
    "m_axi_BUS_D_ARID": {
      "dir": "out",
      "width": "1",
      "isVector": "true"
    },
    "m_axi_BUS_D_ARLEN": {
      "dir": "out",
      "width": "8"
    },
    "m_axi_BUS_D_ARSIZE": {
      "dir": "out",
      "width": "3"
    },
    "m_axi_BUS_D_ARBURST": {
      "dir": "out",
      "width": "2"
    },
    "m_axi_BUS_D_ARLOCK": {
      "dir": "out",
      "width": "2"
    },
    "m_axi_BUS_D_ARCACHE": {
      "dir": "out",
      "width": "4"
    },
    "m_axi_BUS_D_ARPROT": {
      "dir": "out",
      "width": "3"
    },
    "m_axi_BUS_D_ARQOS": {
      "dir": "out",
      "width": "4"
    },
    "m_axi_BUS_D_ARREGION": {
      "dir": "out",
      "width": "4"
    },
    "m_axi_BUS_D_ARUSER": {
      "dir": "out",
      "width": "1",
      "isVector": "true"
    },
    "m_axi_BUS_D_RVALID": {
      "dir": "in",
      "width": "1"
    },
    "m_axi_BUS_D_RREADY": {
      "dir": "out",
      "width": "1"
    },
    "m_axi_BUS_D_RDATA": {
      "dir": "in",
      "width": "32"
    },
    "m_axi_BUS_D_RLAST": {
      "dir": "in",
      "width": "1"
    },
    "m_axi_BUS_D_RID": {
      "dir": "in",
      "width": "1",
      "isVector": "true"
    },
    "m_axi_BUS_D_RUSER": {
      "dir": "in",
      "width": "1",
      "isVector": "true"
    },
    "m_axi_BUS_D_RRESP": {
      "dir": "in",
      "width": "2"
    },
    "m_axi_BUS_D_BVALID": {
      "dir": "in",
      "width": "1"
    },
    "m_axi_BUS_D_BREADY": {
      "dir": "out",
      "width": "1"
    },
    "m_axi_BUS_D_BRESP": {
      "dir": "in",
      "width": "2"
    },
    "m_axi_BUS_D_BID": {
      "dir": "in",
      "width": "1",
      "isVector": "true"
    },
    "m_axi_BUS_D_BUSER": {
      "dir": "in",
      "width": "1",
      "isVector": "true"
    }
  },
  "ModuleInfo": {
    "Hierarchy": {
      "ModuleName": "fpga417_fir",
      "Instances": [
        {
          "ModuleName": "entry_proc",
          "InstanceName": "entry_proc_U0"
        },
        {
          "ModuleName": "Loop_LOOP_INIT_FILTER_proc",
          "InstanceName": "Loop_LOOP_INIT_FILTER_proc_U0",
          "Instances": [{
              "ModuleName": "Loop_LOOP_INIT_FILTER_proc_Pipeline_LOOP_INIT_FILTER",
              "InstanceName": "grp_Loop_LOOP_INIT_FILTER_proc_Pipeline_LOOP_INIT_FILTER_fu_270"
            }]
        },
        {
          "ModuleName": "Block_for_end_proc",
          "InstanceName": "Block_for_end_proc_U0"
        },
        {
          "ModuleName": "top_fir",
          "InstanceName": "top_fir_U0",
          "Instances": [{
              "ModuleName": "top_fir_Pipeline_LOOP_FIR_MAIN",
              "InstanceName": "grp_top_fir_Pipeline_LOOP_FIR_MAIN_fu_600"
            }]
        },
        {
          "ModuleName": "top_cordic_rotator",
          "InstanceName": "top_cordic_rotator_U0",
          "Instances": [{
              "ModuleName": "top_cordic_rotator_Pipeline_LOOP_CORDIC_MAIN",
              "InstanceName": "grp_top_cordic_rotator_Pipeline_LOOP_CORDIC_MAIN_fu_94",
              "Instances": [{
                  "ModuleName": "cordic",
                  "InstanceName": "grp_cordic_fu_116"
                }]
            }]
        }
      ]
    },
    "Info": {
      "entry_proc": {
        "FunctionProtocol": "ap_ctrl_hs",
        "isTaskLevelControl": "0",
        "isPipelined": "0",
        "isCombinational": "0",
        "isOneStateSeq": "1"
      },
      "Loop_LOOP_INIT_FILTER_proc_Pipeline_LOOP_INIT_FILTER": {
        "FunctionProtocol": "ap_ctrl_hs",
        "isTaskLevelControl": "0",
        "isPipelined": "1",
        "isCombinational": "0",
        "isOneStateSeq": "0"
      },
      "Loop_LOOP_INIT_FILTER_proc": {
        "FunctionProtocol": "ap_ctrl_hs",
        "isTaskLevelControl": "0",
        "isPipelined": "0",
        "isCombinational": "0",
        "isOneStateSeq": "0"
      },
      "Block_for_end_proc": {
        "FunctionProtocol": "ap_ctrl_hs",
        "isTaskLevelControl": "0",
        "isPipelined": "0",
        "isCombinational": "0",
        "isOneStateSeq": "1"
      },
      "top_fir_Pipeline_LOOP_FIR_MAIN": {
        "FunctionProtocol": "ap_ctrl_hs",
        "isTaskLevelControl": "0",
        "isPipelined": "1",
        "isCombinational": "0",
        "isOneStateSeq": "0"
      },
      "top_fir": {
        "FunctionProtocol": "ap_ctrl_hs",
        "isTaskLevelControl": "0",
        "isPipelined": "0",
        "isCombinational": "0",
        "isOneStateSeq": "0"
      },
      "cordic": {
        "FunctionProtocol": "ap_ctrl_hs",
        "isTaskLevelControl": "0",
        "isPipelined": "1",
        "isCombinational": "0",
        "isOneStateSeq": "0"
      },
      "top_cordic_rotator_Pipeline_LOOP_CORDIC_MAIN": {
        "FunctionProtocol": "ap_ctrl_hs",
        "isTaskLevelControl": "0",
        "isPipelined": "1",
        "isCombinational": "0",
        "isOneStateSeq": "0"
      },
      "top_cordic_rotator": {
        "FunctionProtocol": "ap_ctrl_hs",
        "isTaskLevelControl": "0",
        "isPipelined": "0",
        "isCombinational": "0",
        "isOneStateSeq": "0"
      },
      "fpga417_fir": {
        "FunctionProtocol": "ap_ctrl_hs",
        "isTaskLevelControl": "0",
        "isPipelined": "1",
        "isCombinational": "0",
        "isOneStateSeq": "0"
      }
    },
    "Metrics": {
      "entry_proc": {
        "Latency": {
          "LatencyBest": "0",
          "LatencyAvg": "0",
          "LatencyWorst": "0",
          "PipelineII": "0",
          "PipelineDepth": "",
          "PipelineType": "no"
        },
        "Timing": {
          "Target": "10.00",
          "Uncertainty": "2.70",
          "Estimate": "3.613"
        },
        "Area": {
          "FF": "3",
          "AVAIL_FF": "106400",
          "UTIL_FF": "~0",
          "LUT": "38",
          "AVAIL_LUT": "53200",
          "UTIL_LUT": "~0",
          "BRAM_18K": "0",
          "AVAIL_BRAM": "280",
          "UTIL_BRAM": "0",
          "DSP": "0",
          "AVAIL_DSP": "220",
          "UTIL_DSP": "0",
          "URAM": "0",
          "AVAIL_URAM": "0",
          "UTIL_URAM": "0"
        }
      },
      "Loop_LOOP_INIT_FILTER_proc_Pipeline_LOOP_INIT_FILTER": {
        "Latency": {
          "LatencyBest": "28",
          "LatencyAvg": "28",
          "LatencyWorst": "28",
          "PipelineII": "28",
          "PipelineDepth": "",
          "PipelineType": "no"
        },
        "Timing": {
          "Target": "10.00",
          "Uncertainty": "2.70",
          "Estimate": "7.300"
        },
        "Loops": [{
            "Name": "LOOP_INIT_FILTER",
            "TripCount": "25",
            "Latency": "26",
            "PipelineII": "1",
            "PipelineDepth": "2"
          }],
        "Area": {
          "FF": "1615",
          "AVAIL_FF": "106400",
          "UTIL_FF": "1",
          "LUT": "82",
          "AVAIL_LUT": "53200",
          "UTIL_LUT": "~0",
          "BRAM_18K": "0",
          "AVAIL_BRAM": "280",
          "UTIL_BRAM": "0",
          "DSP": "0",
          "AVAIL_DSP": "220",
          "UTIL_DSP": "0",
          "URAM": "0",
          "AVAIL_URAM": "0",
          "UTIL_URAM": "0"
        }
      },
      "Loop_LOOP_INIT_FILTER_proc": {
        "Latency": {
          "LatencyBest": "37",
          "LatencyAvg": "37",
          "LatencyWorst": "37",
          "PipelineII": "37",
          "PipelineDepth": "",
          "PipelineType": "no"
        },
        "Timing": {
          "Target": "10.00",
          "Uncertainty": "2.70",
          "Estimate": "7.300"
        },
        "Area": {
          "FF": "2101",
          "AVAIL_FF": "106400",
          "UTIL_FF": "1",
          "LUT": "436",
          "AVAIL_LUT": "53200",
          "UTIL_LUT": "~0",
          "BRAM_18K": "0",
          "AVAIL_BRAM": "280",
          "UTIL_BRAM": "0",
          "DSP": "0",
          "AVAIL_DSP": "220",
          "UTIL_DSP": "0",
          "URAM": "0",
          "AVAIL_URAM": "0",
          "UTIL_URAM": "0"
        }
      },
      "Block_for_end_proc": {
        "Latency": {
          "LatencyBest": "0",
          "LatencyAvg": "0",
          "LatencyWorst": "0",
          "PipelineII": "0",
          "PipelineDepth": "",
          "PipelineType": "no"
        },
        "Timing": {
          "Target": "10.00",
          "Uncertainty": "2.70",
          "Estimate": "3.634"
        },
        "Area": {
          "FF": "352",
          "AVAIL_FF": "106400",
          "UTIL_FF": "~0",
          "LUT": "461",
          "AVAIL_LUT": "53200",
          "UTIL_LUT": "~0",
          "BRAM_18K": "0",
          "AVAIL_BRAM": "280",
          "UTIL_BRAM": "0",
          "DSP": "0",
          "AVAIL_DSP": "220",
          "UTIL_DSP": "0",
          "URAM": "0",
          "AVAIL_URAM": "0",
          "UTIL_URAM": "0"
        }
      },
      "top_fir_Pipeline_LOOP_FIR_MAIN": {
        "Latency": {
          "LatencyBest": "34",
          "LatencyAvg": "34",
          "LatencyWorst": "34",
          "PipelineII": "34",
          "PipelineDepth": "",
          "PipelineType": "no"
        },
        "Timing": {
          "Target": "10.00",
          "Uncertainty": "2.70",
          "Estimate": "7.300"
        },
        "Loops": [{
            "Name": "LOOP_FIR_MAIN",
            "TripCount": "25",
            "Latency": "32",
            "PipelineII": "1",
            "PipelineDepth": "9"
          }],
        "Area": {
          "DSP": "50",
          "AVAIL_DSP": "220",
          "UTIL_DSP": "22",
          "FF": "1879",
          "AVAIL_FF": "106400",
          "UTIL_FF": "1",
          "LUT": "2888",
          "AVAIL_LUT": "53200",
          "UTIL_LUT": "5",
          "BRAM_18K": "0",
          "AVAIL_BRAM": "280",
          "UTIL_BRAM": "0",
          "URAM": "0",
          "AVAIL_URAM": "0",
          "UTIL_URAM": "0"
        }
      },
      "top_fir": {
        "Latency": {
          "LatencyBest": "43",
          "LatencyAvg": "43",
          "LatencyWorst": "43",
          "PipelineII": "43",
          "PipelineDepth": "",
          "PipelineType": "no"
        },
        "Timing": {
          "Target": "10.00",
          "Uncertainty": "2.70",
          "Estimate": "7.300"
        },
        "Area": {
          "DSP": "50",
          "AVAIL_DSP": "220",
          "UTIL_DSP": "22",
          "FF": "2046",
          "AVAIL_FF": "106400",
          "UTIL_FF": "1",
          "LUT": "3318",
          "AVAIL_LUT": "53200",
          "UTIL_LUT": "6",
          "BRAM_18K": "0",
          "AVAIL_BRAM": "280",
          "UTIL_BRAM": "0",
          "URAM": "0",
          "AVAIL_URAM": "0",
          "UTIL_URAM": "0"
        }
      },
      "cordic": {
        "Latency": {
          "LatencyBest": "10",
          "LatencyAvg": "10",
          "LatencyWorst": "10",
          "PipelineII": "1",
          "PipelineDepth": "11",
          "PipelineType": "yes"
        },
        "Timing": {
          "Target": "10.00",
          "Uncertainty": "2.70",
          "Estimate": "6.972"
        },
        "Area": {
          "DSP": "1",
          "AVAIL_DSP": "220",
          "UTIL_DSP": "~0",
          "FF": "1519",
          "AVAIL_FF": "106400",
          "UTIL_FF": "1",
          "LUT": "3387",
          "AVAIL_LUT": "53200",
          "UTIL_LUT": "6",
          "BRAM_18K": "0",
          "AVAIL_BRAM": "280",
          "UTIL_BRAM": "0",
          "URAM": "0",
          "AVAIL_URAM": "0",
          "UTIL_URAM": "0"
        }
      },
      "top_cordic_rotator_Pipeline_LOOP_CORDIC_MAIN": {
        "Latency": {
          "LatencyBest": "40",
          "LatencyAvg": "40",
          "LatencyWorst": "40",
          "PipelineII": "40",
          "PipelineDepth": "",
          "PipelineType": "no"
        },
        "Timing": {
          "Target": "10.00",
          "Uncertainty": "2.70",
          "Estimate": "7.300"
        },
        "Loops": [{
            "Name": "LOOP_CORDIC_MAIN",
            "TripCount": "25",
            "Latency": "38",
            "PipelineII": "1",
            "PipelineDepth": "15"
          }],
        "Area": {
          "DSP": "1",
          "AVAIL_DSP": "220",
          "UTIL_DSP": "~0",
          "FF": "1732",
          "AVAIL_FF": "106400",
          "UTIL_FF": "1",
          "LUT": "3557",
          "AVAIL_LUT": "53200",
          "UTIL_LUT": "6",
          "BRAM_18K": "0",
          "AVAIL_BRAM": "280",
          "UTIL_BRAM": "0",
          "URAM": "0",
          "AVAIL_URAM": "0",
          "UTIL_URAM": "0"
        }
      },
      "top_cordic_rotator": {
        "Latency": {
          "LatencyBest": "48",
          "LatencyAvg": "48",
          "LatencyWorst": "48",
          "PipelineII": "48",
          "PipelineDepth": "",
          "PipelineType": "no"
        },
        "Timing": {
          "Target": "10.00",
          "Uncertainty": "2.70",
          "Estimate": "7.300"
        },
        "Area": {
          "DSP": "1",
          "AVAIL_DSP": "220",
          "UTIL_DSP": "~0",
          "FF": "1930",
          "AVAIL_FF": "106400",
          "UTIL_FF": "1",
          "LUT": "4047",
          "AVAIL_LUT": "53200",
          "UTIL_LUT": "7",
          "BRAM_18K": "0",
          "AVAIL_BRAM": "280",
          "UTIL_BRAM": "0",
          "URAM": "0",
          "AVAIL_URAM": "0",
          "UTIL_URAM": "0"
        }
      },
      "fpga417_fir": {
        "Latency": {
          "LatencyBest": "82",
          "LatencyAvg": "82",
          "LatencyWorst": "82",
          "PipelineII": "49",
          "PipelineDepth": "",
          "PipelineType": "dataflow"
        },
        "Timing": {
          "Target": "10.00",
          "Uncertainty": "2.70",
          "Estimate": "7.300"
        },
        "Area": {
          "BRAM_18K": "0",
          "AVAIL_BRAM": "280",
          "UTIL_BRAM": "0",
          "DSP": "51",
          "AVAIL_DSP": "220",
          "UTIL_DSP": "23",
          "FF": "20326",
          "AVAIL_FF": "106400",
          "UTIL_FF": "19",
          "LUT": "22971",
          "AVAIL_LUT": "53200",
          "UTIL_LUT": "43",
          "URAM": "0",
          "AVAIL_URAM": "0",
          "UTIL_URAM": "0"
        }
      }
    }
  },
  "GenerateBdFiles": "0",
  "GenData": {
    "DataVersion": "0.2",
    "Time": "2023-05-01 18:42:19 -0400",
    "ToolName": "vitis_hls",
    "ToolVersion": "2022.2"
  }
}
