{
  "version": "2022.2",
  "applications": [],
  "platforms": [
    {
      "name": "design_1_wrapper"
    }
  ],
  "systems": [
    {
      "name": "finalproject_system",
      "platform": "C:/Users/nlitz88/Development/cmpen417finalproject/finalproject_xilinx_vitis_workspace/design_1_wrapper/export/design_1_wrapper/design_1_wrapper.xpfm",
      "sysConfig": "design_1_wrapper",
      "buildConfig": "Debug",
      "applications": [
        {
          "name": "finalproject",
          "platform": "C:/Users/nlitz88/Development/cmpen417finalproject/finalproject_xilinx_vitis_workspace/design_1_wrapper/export/design_1_wrapper/design_1_wrapper.xpfm",
          "platformPath": "C:\\Users\\nlitz88\\Development\\cmpen417finalproject\\finalproject_xilinx_vitis_workspace\\design_1_wrapper\\export\\design_1_wrapper",
          "sysConfig": "design_1_wrapper",
          "domain": "standalone_ps7_cortexa9_0",
          "system": "finalproject_system"
        }
      ],
      "platformPath": "C:\\Users\\nlitz88\\Development\\cmpen417finalproject\\finalproject_xilinx_vitis_workspace\\design_1_wrapper\\export\\design_1_wrapper"
    }
  ],
  "others": []
}